WorkEx,Bugs
1,46.78794412
1.25,38.65047969
1.5,32.31301601
1.75,27.37739435
2,23.53352832
2.25,20.53992246
2.5,18.20849986
2.75,16.39278612
3,14.97870684
3.5,13.01973834
4,11.83156389
4.5,11.11089965
5,10.6737947
6,10.24787522
7,10.0911882
8,10.03354626
9,10.01234098
10,10.00453999
11,10.00167017
12,10.00061442
